,Restaurant Name,Overall Rating,Total Reviews,Specialty,Region,Price Range,Author,Comment,Rating,Date
0,Schwarzwaldstuben,4,40,Frühstück & Brunch / Schwäbisch / Badisch / ,Mitte,2,MühdieQuee N.,"Besuch unter der Woche abends:- aus Bayern kommend und Schwaben kennend, waren es die besten Maultaschen seit Langem!- Service okay- Location nett, gemütlich; Tische teilweise sehr klein, aber stört nicht- Maultaschen mit Ei: 11,50 EUR; Maultaschen geschmelzt: 12,50 EUR; Kaiserschmarrn: 6,50 EUR; alles sehr leckerFazit: Kann man absolut empfehlen!",4,6.12.2016
1,Schwarzwaldstuben,4,40,Frühstück & Brunch / Schwäbisch / Badisch / ,Mitte,2,Christian D.,"Die Begeisterung vieler kann ich nicht teilen. Gut, die Spätzle und wohl auch die Maultaschen verraten Hausmacher-Können. Meinem Begleiter waren sie zu fett. Die Linsen zu den Spätzle hervorragend. Bei der Entenkeule hörte es aber auf. Die waren wohl bloß aufgewärmt, überhaupt nicht kross, dafür reichlich zäh. Was mich störte, war das touristische Ambiente, um uns herum hörte man nur Englisch. Aber dafür kann ja der Wirt vielleicht nix. Fazit: es gibt bessere schwäbisch-badische Restaurants in Berlin.",3,28.11.2021
2,Schwarzwaldstuben,4,40,Frühstück & Brunch / Schwäbisch / Badisch / ,Mitte,2,Enrique K.,"Wer in Berlin Sehnsucht nach dem Schwarzwald hat - hier ist er richtig. Das ganze Restaurant sieht aus wie ein Direktimport. Dunkle Ausstattung, überwiegend Holz, und Deko die man gemeinhin dem Schwarzwald zuordnet. Und das seit 2001.Hunger nach Spätzle, Maultaschen, krossem Braten? Auf 10 Seiten Speisen- und Getränkekarten wird man gut fündig. Alles Schwäbische und Badische rauf und runter. Stolz wird darauf hingewiesen, dass die Schwarzwaldstuben Slow-Food Mitglied sind. Das, was wir wählten, war in Ordnung, ohne uns zu kulinarischen Begeisterungsstürmen hinzureissen. Die Bedienung hatte Zeit für uns, wir waren um 18 h die einzigen Gäste, aufmerksam und freundlich. Das änderte sich später, als gegen 20 h der Laden rappe-dicke voll war. Bei gutem Wetter gibt es draußen auf dem Gehweg auch noch einige Tische.Neben den offiziellen Öffnungszeiten verdienen diese eine extra Erwähnung: an Werktagen von 12 - 16 h eine Mittagskarte und am Wochenende von 9 - 15 h Frühstück.Hinsichtlich des Bezahlens sollte man sich vorab vergewissern, ob man die einschränkenden Möglichkeiten erfüllen kann:- keine Kreditkarten- EC-Karten nur ab € 10- keine Geldscheine ab € 200Eingebettet in viele Gastro-Alternativen um direkten Umfeld sind die Schwarzwaldstuben ein Ort, bei dem man beim Betreten Berlin hinter sich lässt und eintaucht in die schwäbisch-badische Welt.",3,18.11.2019
3,Schwarzwaldstuben,4,40,Frühstück & Brunch / Schwäbisch / Badisch / ,Mitte,2,Sebastian J.,"Genau das wofür Berliner Küche steht und was so mancher Zugezogener aus seiner alten Heimat kennt, Käsespätzle und Maultaschen. Zumindest wenn man dem Schwabylon-Schild hinter dem Tresen glaubt. Das alles aber in guter Qualität und okayen Preisen. Das meist beworbene Bier stammt zwar aus Tschechien, passt aber zur rustikalen Küche und ist nicht pasteurisiert ( als nicht Biertrinker, bin ich mir über den Unterschied nicht ganz im Klaren, schmeckt aber). Beliebt scheint mir das Lokal vor allem bei der englisch sprechenden Bevölkerung/ Touristen, was wohl an der ""klassischen deutschen"" Küche liegt + Bier. Wenn man hier reingerät macht man nichts verkehrt und bekommt solide Küche und Preise. Der Service war ausgesprochen nett!",4,7.4.2019
4,Schwarzwaldstuben,4,40,Frühstück & Brunch / Schwäbisch / Badisch / ,Mitte,2,Holger Z.,"Rappelvoll der Laden, wenn das mal kein gutes Zeichen ist. Wir mussten ein wenig warten bis wir einen Tisch hatten, war aber mit einem Pilsener Urquell gut zu überbrücken. Der Service freundlich, wenn auch nicht schnell, das Essen frisch zubereitet und sehr schmackhaft. Leider ging bei der Bestellung etwas schief, dafür gab es aber einen Schnaps aufs Haus. Schöne Location mit gutem Essen. Daumen hoch!",4,27.11.2019
5,Schwarzwaldstuben,4,40,Frühstück & Brunch / Schwäbisch / Badisch / ,Mitte,2,Stefan M.,"Den Schwarzwaldstuben war ich noch einen zweiten Besuch schuldig. Beim ersten mal war ich nur zum Frühstücken da und war etwas enttäuscht wegen der kleinen Auswahl (siehe älteres Review).Diesmal war ich zum Mittagessen da. Die Speisekarte war auch hier nicht riesig, aber bot doch genug so daß ich bald fündig wurde. Zusätzlich zur normalen Karte gab's übrigens noch eine Tageskarte und - es ist Spargelzeit - eine Spargelkarte. Vegetarier werden allerdings wohl etwas länger suchen müssen, die schwäbische Küche ist ja eher für die fleischlichen Genüsse bekannt. Die Bierauswahl ist über jeden (schwäbischen) Zweifel erhaben. Rothaus, Augustiner, Haller und König Ludwig, das sind Namen für Kenner.Vorneweg habe ich mir eine Spargelcremesuppe (5,40€) gegönnt. Die kam auch bald und war sehr lecker. Kräftig im Geschmack und nicht zu dick. Die Portion fand ich relativ groß, zum Glück war ich hungrig genug. Danach hatte ich Spätzle mit Linsen (9,80€, für mich ohne Saitling) die ebenfalls sehr lecker und herzhaft waren. Auch diese Portion fand ich ordentlich, so daß ich anschließend ziemlich genudelt war und auf den karamelisierten Kaiserschmarren verzichten musste.Als sehr angenehm empfand ich die entspannte Atmosphäre hier. Vom dem Touristentrubel der nicht weit von hier tobt, war nichts zu merken. Schön auch die diversen Polstermöbel, es hätte nicht viel gefehlt und ich wäre zum Verdauungsschlaf geblieben :-)Der Service war einwandfrei. Zum Frühstücken gehe ich nach wie vor lieber woanders hin, aber zum Essen, mit Feunden treffen oder einfach nur beim Kaffee im Sessel abhängen kann ich die Schwarzwaldstuben wirklich empfehlen. Von mir gibt's dafür ein Sterne-Upgrade.",4,12.4.2014
6,Schwarzwaldstuben,4,40,Frühstück & Brunch / Schwäbisch / Badisch / ,Mitte,2,Thomas M.,"Nett zum Draußensitzen, innen drin steht ein Kachelofen und ist ein bisschen auf heimelig gemacht, ohne recht überzeugend zu sein.Aber besonders seltsam: keine Brezel zum Frühstück zu bekommen, weil ""die gibt es nur in Bayern, nicht im Schwarzwald""!Ha ha! Vorbei mit den Glaubwürdigkeitspunkten. Da hilft auch kein Tannenzäpfle mehr. :-)",3,30.4.2013
7,Schwarzwaldstuben,4,40,Frühstück & Brunch / Schwäbisch / Badisch / ,Mitte,2,Kathi B.,"Ein kleines Rühreifrühstück, ein Kännchen Kaffe und ne heiße Zitrone. Das alles auf einem schönen, alten, bequemen Sofa neben ner kuschlig warmen Heizung. Essen und Getränke standen fix auf dem hübschen Couchtisch und schmeckten, wie es sein soll. Die zarten Blümchen auf dem Tisch waren frisch und passten sooo schön ins Ambiente. Die Ginauswahl im Regal lud auch für die Abendstunden ein.Perfekt.Sicher nix für Veganer ob des Bärenkopfes über der Bar und den vielen Geweihen an den Wänden.",5,7.10.2014
8,Schwarzwaldstuben,4,40,Frühstück & Brunch / Schwäbisch / Badisch / ,Mitte,2,Anna S.,"Schöner Laden, man sitzt dort sehr gemütlich. Von meinem Essen war ich aber leider etwas enttäuscht. Hatte ein Gericht von der Mittagskarte: Vegetarische Kartoffel-Wirsing-Rouladen. Von den Kartoffeln hab ich leider nicht viel gesehen. Außerdem war das Essen schon etwas kalt, als es auf den Tisch kam. Am Ende habe ich also 12 Euro für einen lauwarmen Teller Gemüse gezahlt und war danach noch so hungrig, dass ich mir zu Hause erstmal Spätzle zubereitet habe! Meine Begleitung hatte übrigens Kohlroulade (auch von der Tageskarte, 14 Euro) und war zufrieden. Vielleicht habe ich einfach kein Glück mit der Auswahl des Gerichts gehabt. Würde aber wahrscheinlich nicht nochmal hingehen, um ein anderes Gericht auszuprobieren. Dafür war dann auch der Service zu schlecht.",3,28.1.2017
9,Schwarzwaldstuben,4,40,Frühstück & Brunch / Schwäbisch / Badisch / ,Mitte,2,Speckhasser K.,"Hier bin ich zufällig gelandet, weil ich direkt vor der Tür einen Parkplatz gefunden habe u ich jetzt 1 Stunde auf meine Mutter warten muss. Einrichtung ist nicht ganz mein Stil, aber ein absolut netter Laden. Ein netter und aufmerksamer Barman mit Berliner Schnauze, herrlich. Leider habe ich keine Hunger, aber die Küche verströmt extrem leckere Düfte Habe einen Milchkaffee bestellt, aber nicht erwartet , dass der in einer Riesenschale und HEISS kommt. Brauchte dann doch kalte Milch. ;)Ja, ich Weichei! Hier komme ich bestimmt nochmal zum essen her. Und zu guter Letzt; super Musik!",4,13.12.2012
10,Schwarzwaldstuben,4,40,Frühstück & Brunch / Schwäbisch / Badisch / ,Mitte,2,Jan D.,"Ich hatte das Spanferkel und war enttäuscht. Knusprige Kruste leider Fehlanzeige. Eher ein schöner Schweinebraten. Der Service war nett und flott. Das Ambiente auch ansprechend und nicht aufgesetzt retro, stylisch oder gezwungen originell. Am Mittwoch Abend war ab 22 Uhr schon tote Hose. Da verspricht man sich von einer Bar (so steht's im Namen: Restaurant/Bar) etwas mehr. Fazit: 3,5 Sterne, wenn's die gäbe. Nett, kein Fehler hinzugehen, aber auch kein Drama, noch nicht da gewesen zu sein.",3,7.3.2016
11,Schwarzwaldstuben,4,40,Frühstück & Brunch / Schwäbisch / Badisch / ,Mitte,2,1 Foto,"Die gebratenen Maultaschen waren sehr lecker. Nur zu empfehlen!Aber, dass sie schmutzigen Teller 20 Minuten auf dem Tisch standen, bevor sie abgeräumt wurden, fand ich total daneben. Zumal wir zu viert waren. Und die Kellnerinnen immer wieder mit leeren Händen vorbei kamen.Schade.",3,21.11.2010
12,Schwarzwaldstuben,4,40,Frühstück & Brunch / Schwäbisch / Badisch / ,Mitte,2,Tobi K.,Super lecker und freundlich! Achtung extrem gut besucht! Ohne Reservierung ist hier abends schwierig einen Platz zu bekommen.. Es sei denn man wartet an der Bar! Top Qualität! Und super super lecker!,5,16.11.2015
13,Schwarzwaldstuben,4,40,Frühstück & Brunch / Schwäbisch / Badisch / ,Mitte,2,Sean Cecilia W.,"Der Service war unter aller Sau. Wir mussten schon ewig warten, bis wir endlich bestellen durften. In der Zwischenzeit hatten wir so einen Hunger, dass wir die Kellnerin nach etwas Brot zur Überbrückung gebeten haben. Alle anderen Tische hatten auch ohne Nachfrage Brot erhalten. Genervt wurde nur geantwortet, dass sie mal schauen wird, was sie machen kann. Das Brot haben wir nie gesehen. Das Essen hat ganz gut geschmeckt, deswegen die zwei Sterne. Aber das Beste kam am Schluss. Wir haben mit Karte bezahlt und wollten dann bar ein Trinkgeld auf dem Tellerchen hinterlassen. Trotz des bisherigen schlechten Services wollten wir immer noch ein bisschen Trinkgeld geben. Nachdem mein Mann mit der Karte gezahlt hatte, gibt die Kellnerin im die Rechnung zurück und sagt ganz frech, da ist übrigens kein Trinkgeld enthalten! Was für eine Unverschämtheit auf sein Trinkgeld hinzuweisen. Als ich sie darauf aufmerksam mache, dass wir beide deutsch sind und wissen, dass in den Preisen kein Trinkgeld enthalten ist und es schon sehr unhöflich ist, darauf hinzuweisen. Schaut sie uns nur zickig an und geht einfach. So etwas unhöfliches habe ich wirklich noch nie erlebt. Ich werde dort definitiv nicht noch einmal hingehen!!!",2,21.10.2016
14,Schwarzwaldstuben,4,40,Frühstück & Brunch / Schwäbisch / Badisch / ,Mitte,2,Tom B.,"Wir waren heute das erste Mal zu Gast in den Schwarzwaldstuben und sind leider etwas enttäuscht worden. Das Essen (haben Spätzle, Flammkuchen, Piccata & Ravioli bestellt) war zwar sehr lecker und gut abschmeckt, aber die Portionen zum Teil sehr klein geraten. Dafür das wir auch noch rund 1 Stunde gewartet haben, war die Enttäuschung etwas groß. Der Kellner war sehr nett, jedoch haben wir insgesamt mehr erwartet für den Preis. Auf den Toiletten gab es übrigens keine Seife, ebenfalls ein kleiner Minuspunkt. Somit reicht es insgesamt für nur 3 Sterne.",3,5.8.2015
15,Schwarzwaldstuben,4,40,Frühstück & Brunch / Schwäbisch / Badisch / ,Mitte,2,Svenja G.,"Frühstück sollte es sein. Und zwar mal woanders, als sonst immer. Nach etwas Recherche entschieden wir uns für die Schwarzwaldstuben. Schon von außen wirkt es sehr einladend, mit Plätzen in der Sonne, dem niedlichen Schriftzug über der Tür und die großen Fensterfronten.Drinnen ist es genauso gemütlich: Sofaecken, große Familientische, ein paar Blümchen auf den Tischen und ein enorm großer Bar-Tresen. Gerade hingesetzt kommt auch schon die Karte, auch der bestellte Kaffee ist in Windeseile da. Ich bin eigentlich kein großer Kaffeetrinker, zum einen, weil ich Kaffee meist nicht besonders lecker finde und zum anderen, weil ich von Kaffee nach wie vor unglaublich zappelig werde. Aber jetzt wird es Herbst, das heißt, ich komme morgens einfach nicht zu Potte und muss mit dem schwarzen Getränk nachhelfen. Und Tatsache: Der Kaffee hier schmeckt!Ich hab mich für das Käsefrühstück entschieden. Die Frühstückspreise sind schon etwas höher, als in den Lokalen, wo ich sonst bin. Der Brotkorb ist schon wenige Minuten nach der Bestellung da. Richtig frisches und noch klebriges Brot mit knuspriger Kruste, herrlich! Die Käseplatte, die dann aber zu mir kommt, haut mich nicht um, denn es gab nur eine Sorte Schnittkäse, vom Blauschimmelkäse nur 2 winzig kleine Eckchen, die kleinen Kügelchen Frischkäse sind auch nicht so der Hammer. Da muss ich sagen, hätte ich für 7,50€ doch etwas mehr erwartet, einmal mengenmäßig, aber auch von der Auswahl. Es gab auch noch ein Frühstücksei dazu und Marmelade.Der Service ist gut und freundlich, der Kaffee schmeckt, die Lage ist super zum Leute gucken, aber ob ich nochmal zum frühstücken hingehe, das weiß ich noch nicht. Ich werd das nächste Mal das Mittagessen anpeilen.",4,20.10.2011
16,Schwarzwaldstuben,4,40,Frühstück & Brunch / Schwäbisch / Badisch / ,Mitte,2,Egomania K.,"Der Anlaufpunkt Nummer Eins für Süddeutsche, ihre Gäste oder ideal für den Besuch der eigenen Eltern, die mit dem hippen Vegan-Koreaner nichts anfangen können. Trotzdem sind die Schwarzwaldstuben nicht eben spießig: Der Laden in der Tucholskystr. ist mit Kachelofen und Holzambiente ausgestattet, die Wände ziert eine fliegende Schwarzwälder Kirschtorte und das Gemälde eines Rehbocks mit Nasenring und Kajal.Das Essen ist gut-bürgerlich und neben den Klassikern Käsespätzle, Flammenkuchen und Maultaschen für den kleineren Geldbeutel gibt es die hochpreisigeren Tagesgerichte (ich hatte hier vor kurzem Lammrücken mit Wurzelgemüse =22Euro). Nur vier Sterne vergebe ich, weil die Speisekarte ansonsten wenig Aufregendes zu bieten hat. Wer auf Nummer sicher gehen möchte, ist hier aber goldrichtig. Zum Nachtisch unbedingt mal in die Schnapskarte gucken: Ich empfehle den wunderbar weichen St. Germain (Holunderblütenlikör). Guten Appetit!",4,8.11.2014
17,Schwarzwaldstuben,4,40,Frühstück & Brunch / Schwäbisch / Badisch / ,Mitte,2,Unknown,Einfach lecker und sehr nette Bedienung. Was soll man noch sagen?Wir hatten Flammkuchen und Wein bestellt.,5,5.10.2013
18,Schwarzwaldstuben,4,40,Frühstück & Brunch / Schwäbisch / Badisch / ,Mitte,2,Unknown,"Die Schnitzel sind immer noch gut, doch leider ist der Laden mittlerweile fest in touri-hand und dementsprechend viel Mühe geben sich einige BedienungenSeit eine regelrechte Schlacht um frei Plätze begonnen hat, hat es sich auch mit der Gemütlichkeit.. Ich bin raus!",1,19.7.2009
19,Schwarzwaldstuben,4,40,Frühstück & Brunch / Schwäbisch / Badisch / ,Mitte,2,Phil V.,"Im Gegnsatz zu Prenzlauer Berg darf man sich zumindest in Mitte noch als Schwabe fühlen. Lecker Tannenzäpfle von Rothauspils, der letzte Staasbrauerei in Deutschlands, und Speisen aus dem Hochschwarzwald kann man in gemütlicher Atmosphäre geniessen. Im Sommer läd der Aussenbereich zu einem Sonnenbad ein. Immer wieder gerne!",4,3.6.2008
20,Schwarzwaldstuben,4,40,Frühstück & Brunch / Schwäbisch / Badisch / ,Mitte,2,Wibke B.,"Ich saß just heute dort draußen mit einer Freundin in der Sonne und habe einen Salat und literweise Apfelsaftschorle zu mir genommen.Eine andere Freundin arbeitet dort neuerdings, so war bei der Locationsuche klar, dass wir ihr einen Besuch abstatten. Unsere Salate, ich hatte einen Tomatensalat mit gebackenem Ziegenkäse für fünf Euro und meine Freundin einen mit Lamm für 6,80 Euro, waren superlecker und preislich nicht zu schlagen. Im Anschluss gönnten wir uns noch ein paar Prosecco auf Eis zum Nachmittag für je 3 Euro, die auch zu verschmerzen waren.Der Clou sind allerdings die großen blauen Kunststoff-Bottiche, die man sich mit Wasser befüllen, an den Tisch stellen und seine heißen Füßchen reinstellen kann. Bei Temperaturen von über 30 Grad ist das eine wahre Erlösung und eine geniale Idee!",3,8.7.2010
21,Schwarzwaldstuben,4,40,Frühstück & Brunch / Schwäbisch / Badisch / ,Mitte,2,Andre S.,Als Spätzle-Süchtiger konnte ich nicht wiederstehen. Wurde aber leider enttäuscht durch zu fettige und zu wenig gewürzte Käse-Spätzle. Das Ambiente und die Bedienung ist allerdings super!,1,23.12.2006
22,Schwarzwaldstuben,4,40,Frühstück & Brunch / Schwäbisch / Badisch / ,Mitte,2,Unknown,"3 Mädels mit großem Hunger betreten am Samstag Abend dieses etwas skurile Restaurant. Die Dekoration scheint Schwarzwälder Traditionen eher auf den Arm zu nehmen - als zu verehren. Unbedingt zum Wohlfühlen. Wir ergattern den letzten freien Tisch (ok - es ist eng, aber kommunikativ) und werden fröhlich lächelnd mit echter Herzlichkeit begrüßt. Schwäbische Spezialitäten, echte Hausmannskost und Flammkuchen dominieren die Speisenkarte. Und natürlich gibt es ausschließlich Weine aus Deutschland (sorry, aber das sehe ich immer kritisch... so auch heute zu Recht). Das Essen ist nicht gourmetverdächtig aber solide und schmackhaft. Wir werden von Flammkuchen und Kohlroulade richtig gut satt. Und es schmeckt wirklich gut. Und wir haben trotz des vollen Restaurants nur gut 15 min gewartet. Das Publikum ist wahrlich international. Japanische Gäste scheinen über dieses Restaurant in einem Reiseführer zu lesen. Die Schwaben sind nicht zu überhören und wir Zugereisten freuen uns wieder mal über die Vielfalt der Berliner Gastronomie. Fazit: witzig, lecker, für Mitte ordentliche Preise und eine Bereicherung.",4,7.8.2010
23,Schwarzwaldstuben,4,40,Frühstück & Brunch / Schwäbisch / Badisch / ,Mitte,2,Unknown,"Der langgestreckte Raum verwirrte mich zunächst etwas mit seiner Mischung aus kühl-modern (weiße Wände, Glasfassade etc.) und den reingestellten Gemütlich-Möbeln. Aber gut, als ich den Kachelofen sah, hatte ich das Gestaltungskonzept der Betreiber verstanden  Die Speisekarte ist angenehm übersichtlich, die südwest-deutschen Klassiker kommen in guter Qualität auf den Tisch. Netter Service. Gerne wieder.",4,24.10.2007
24,Schwarzwaldstuben,4,40,Frühstück & Brunch / Schwäbisch / Badisch / ,Mitte,2,Unknown,"Es war uns noch gar nicht aufgefallen, das dies hier ein Asylantenheim für Schwaben ist. Wir treffen oft italienische Bekannte und andere Berliner hier zum Businesslunch. Preis-wert, abwechslungsreich (nicht nur Schnitzel und Maultaschen )und sehr, sehr lecker und gehaltvoll + frisch und gesund. Früher war die Luft zum Schneiden verraucht, was dem Essensgenuss ein wenig mindern konnte, aber damit dürfte jetzt ja Schluss sein.",4,6.1.2008
25,Schwarzwaldstuben,4,40,Frühstück & Brunch / Schwäbisch / Badisch / ,Mitte,2,Unknown,"Nettes, uriges, nicht-spießiges Ambiente. Die Speisekarte ist umfangreich und bietet sowohl schwäbische als auch nicht-schwäbische Gerichte, die allesamt sehr schmackhaft sind. Wenn dem Koch nicht gerade mal die Bratkartoffeln anbrennenDer Service ist Berlin-Mitte typisch jugendlich-unkompliziert. Hervorragende, überaufmerksame Bedienung darf man hier nicht erwarten.Tipp: Tisch reservieren!",4,5.1.2009
26,Schwarzwaldstuben,4,40,Frühstück & Brunch / Schwäbisch / Badisch / ,Mitte,2,Unknown,"Als Schwabe bin ich von den Schwarzwaldstuben leider etwas enttäuscht worden. Einmal, weil es kaum echte schwäbische Gerichte gibt, sondern vor allem badisches und elsäßisches sowie andere neue Schöpfungen (welcher Schwabe kennt bitte Ingwer?). Zum anderen konnte mich der Geschmack nicht überzeugen. Ich wählte natürlich die Maultaschen mit Kartoffelsalat und war enttäuscht vom faden Geschmack des Salates und der offensichtlichen Nichteignung der Kartoffelsorte für eine solche schwäbische Spezialität.Alles in allem war die Atmosphäre aber gut und das Preis-Leistungsverhältnis geht angesichts der Größe der Portionen auch voll in Ordnung.",3,25.2.2009
27,Schwarzwaldstuben,4,40,Frühstück & Brunch / Schwäbisch / Badisch / ,Mitte,2,Christof F.,"The Place to be für Schnitzel, süffiges Bier und entspanntes Essentrinken. Zudem Flämmkuchen und weitere süddeutsche Spezialitäten. WLan gibts auch und im Sommer darf man draussen sitzen. Wesentlich angenehmeres Da-Sein als andere Mitteecken, weil es einfach normal ist. Ergänzung: Irgendwie war das Essen früher besser. Aber alles war früher besser, oder?",5,11.4.2006
28,Schwarzwaldstuben,4,40,Frühstück & Brunch / Schwäbisch / Badisch / ,Mitte,2,Unknown,"Villaicht net hondertprodsendig schwääbisch, aber mer koos lasse. Bodenständig, freundliche Bedienung und gut geeignet für die Maultasche zwischendurch.",3,18.4.2009
29,Schwarzwaldstuben,4,40,Frühstück & Brunch / Schwäbisch / Badisch / ,Mitte,2,1 Foto,"Sehr leckeres Essen zu einem fairen Preis-Leistungs-Verhältnis. Täglich frische wechselnde Tageskarte. Abends immer voll, so dass man reservieren muss. Daher ist der Service und die Küche auch mal überfordert aber meist sehr freundlich.",4,24.6.2011
30,Schwarzwaldstuben,4,40,Frühstück & Brunch / Schwäbisch / Badisch / ,Mitte,2,Unknown,"So viele Exil-Süddeutsche habe ich in Berlin noch nicht auf einem Haufen gesehen! Die treffen sich hier in Horden und bestellen sich Gerichte mit merkwürdigen Namen, die Unkundigen wie mir von der Bedienung übersetzt werden müssen. Schäuffele irgendwas - was soll das denn sein?Gut jedenfalls ist die kleine Speisekarte, die sich nach Saison ändert und richtet und frische Speisen garantiert. Und dass man draußen sitzen kann, ist mir immer willkommen. Wirklich beeindruckt hat mich eine Kartoffelsuppe als Vorspeise, so etwas Einfaches bis Langweiliges so lecker hinzubekommen, alle Achtung. Ab jetzt esse ich gerne Kartoffelsuppe. Aber nur hier.",5,21.5.2007
31,Schwarzwaldstuben,4,40,Frühstück & Brunch / Schwäbisch / Badisch / ,Mitte,2,Unknown,"Die Stuben ist ein toller Laden. Gerne würde ich 5 Sterne für die Mitarbeiter (die alle schon sehr lange dort arbeiten, sehr gut), die Balance zwischen Lonely Planet-Touris & Berlinern und die gemütliche Atmosphäre geben. Wenn da nicht das Essen wäre, was mich bei meinem letzten Besuch enttäuscht hat. Ich war vor kurzem zum Schnitzel essen dort und bin seit Jahren die selbstgemachten, dünnen Schnitzel gewohnt. Diesmal bekam ich ein TK Schnitzel. Das hat der Laden nicht nötig! Ich habe in den unteren Kommentaren schon gelesen, dass das Essen frisch sein soll. Das war es aber leider nicht. Ich hoffe, dass ich bei meinem nächsten Besuch wieder das Altgewohnte bekomme. Ich freue mich schon drauf!",3,23.5.2013
32,Schwarzwaldstuben,4,40,Frühstück & Brunch / Schwäbisch / Badisch / ,Mitte,2,P G.,"Ab jetzt gehe ich wohl wieder häufiger hier her. Ich war vor etwa zwei Jahren schon ein paar mal hier. Habe den Laden leider aus de. Augen verloren. Heute habe ich mein bislang bestes Schnitzel gegessen. Zudem war die Bedienung super freundlich. Dank wechselnder Tages- oder Wochenkarte gibt es immer neue Highlights. Wer also ein Restaurant mit tollem Ambiente, gutem Essen und netter Bedingung sucht, ist hier richtig!",5,23.6.2015
33,Schwarzwaldstuben,4,40,Frühstück & Brunch / Schwäbisch / Badisch / ,Mitte,2,Uwe J.,"Netter Laden mit freundlichen Personal im Kietz. Ich selber finde den Milchkaffe klasse und mit 2,90 nicht zu teuer. Auch lecker der Flammkuchen auch wenn dieser was klein im Vergleich zu anderen Läden ist dafür frisch und lecker",4,14.5.2013
34,Schwarzwaldstuben,4,40,Frühstück & Brunch / Schwäbisch / Badisch / ,Mitte,2,Jen M.,"zentral gelegen, super service, leckeres essen. auch zum frühstücken gut geeignet. unter der woche bis 12 am wochenende bis 15 uhr frühstück. die maultaschen sind super.",5,8.9.2016
35,Schwarzwaldstuben,4,40,Frühstück & Brunch / Schwäbisch / Badisch / ,Mitte,2,Sascha G.,"Zuerst mal vorab: Essen war super, wenn auch preislich über dem Berliner Durchschnitt. Bedienung war leider sehr mangelhaft. Erst würden wir vergessen, dann mussten wir uns die Karten selbst holen, Bestellung wurde vergessen und zum Zahlen sollten wir an die Theke kommen (ist sonst nie so) und das trotz halbleeren Restaurant. Service wäre ok, wenn es ein Imbiss wäre aber für ein Restaurant leider nicht akzeptabel.",2,17.7.2016
36,Schwarzwaldstuben,4,40,Frühstück & Brunch / Schwäbisch / Badisch / ,Mitte,2,Mik O.,"Good old Schwabenländle auf 60er und 70er Jahre Garnitur (nicht der Salat, sondern die gemütliche Couchecke auf dem Podest am Eingang). Das Essen ist wie bei Muttern, nur teurer (außer Eure Mutter stellt Euch mittlerweile Eure Laibspeise in Rechnung). Spätzle, Wurstsalat, Schäufele, Maultaschen und Schnitzel lassen das unvegetarische Herz höher schlagen. Aber auch für die Grünzeugesser ist gesorgt, Salate sind groß und lecker ge""dress""t. Weine für Kenner und Bier aus dem Schwarzwald runden das Essen ab. Und für die Ladies: Auch wenn Ihr ihn nicht kennt, der prickelnde Perlwein ""Leichtsinn"" ist seine 3,50,- Euro pro Glas wert.",4,16.5.2010
37,Schwarzwaldstuben,4,40,Frühstück & Brunch / Schwäbisch / Badisch / ,Mitte,2,Joseph S.,"Ich war schon öfters im Schwarzwaldstuben und gehe immer wieder gerne hin, wenns mal süddeutsche Küche in Berlin sein soll. Der Laden ist eine Mischung zwischen Restaurant und Kneipe, etwas rustikale Einrichtung, aber ziemlich hippe und coole Atmosphäre. Man muss sich klar sein was einen hier erwartet, und das ist kein ""Herr Ober"" der einem zum Tisch geleitet, sonder eine typische Berlin-Mitte Szenelocation. Es ist aber auch nicht so übertrieben aufgesetzt wie in einigen Lokalitäten am nahe gelegenen Rosenthaler Platz.Die Küche hat ihre Stärke bei Spätzle, Schäufele, schnitzel und Co. Alles sehr lecker, gute Portionen und preislich in Ordnung. Bier- und Weinauswahl ist auch vollkommen ok.",4,16.2.2014
38,Schwarzwaldstuben,4,40,Frühstück & Brunch / Schwäbisch / Badisch / ,Mitte,2,Rene K.,Sehr gutes essen einfach klasse,5,7.6.2012
39,Schwarzwaldstuben,4,40,Frühstück & Brunch / Schwäbisch / Badisch / ,Mitte,2,Marc F.,"Sehr schöne Atmosphäre, nette Bedienung. Hier gibt es ein paar leckere Gerichte aus Süddeutschland,. die man empfehlen kann, z.B. Maultaschen (geschmelzt und gebraten) oder auch ein leckerer Kaiserschmarrn. Spätzle und dergleichen sind auch auf der Karte. Probier ich dann beim nächsten Mal ;)",3,9.10.2009
40,Schwarzwaldstuben,4,40,Frühstück & Brunch / Schwäbisch / Badisch / ,Mitte,2,Unknown,"Entspanntes, nicht gänzlich ironiefrei eingerichtetes Etablissement, dem schwäbischen Brauchtum verpflichtet. Sowohl für deftigen Genuss (jedes Mal eine Entscheidungsqual: gebratene Maultaschen vs. Schäufele mit Bratkartoffeln) als auch zum netten Versacken bei wunderbarem Bier (Rothaus, Augustiner) hervorragend geeignet. Inhaber + Personal sind nett und freundlich, auch wenn's rappelvoll ist, was meistens der Fall ist. Einzig die miese Luft trübt das Vergnügen: Nach einem Besuch trägt man die aparte Mischung von Zigarettenrauch und Bratenfett in den Klamotten spazieren.",4,31.10.2007
41,Schwarzwaldstuben,4,40,Frühstück & Brunch / Schwäbisch / Badisch / ,Mitte,2,Jeannette S.,"Ich gehe immer gerne in die Schwarzwaldstuben, vor allem wenn ich Lust auf was Deftiges habe oder mich das Heimweh nach süddeutscher Küche packt. Die Maultaschen und das Schnitzel sind immer ein Genuss, genauso wie die Flammkuchen und die Portionen sind auch schön groß mit einer sehr schmackhaften, frischen Salatbeilage. Der Laden ist immer voll, der Service ist aber immer sehr freundlich. Das Ambiente ein Gemisch aus Schwarzwaldkitsch was dem ganzen Laden eine sehr gemütliche Atmosphäre verleiht. Die Schwarzwaldstuben ist nie langweilig, es ist laut und heiter, genau richtig wenn man Lust auf viele Leute hat und mit Freunden einen netten, unkomplizierten Abend mit Tannenzäpfle Bier und zünftigem, guten Essen haben möchte.",5,18.11.2007
42,Schwarzwaldstuben,4,40,Frühstück & Brunch / Schwäbisch / Badisch / ,Mitte,2,Ina Christine V.,"Liebe Schwarzwaldstuben, seit gut 13 Jahren oder gar länger war ich Gast dort, immer habe ich es geliebt, darum gebe ich hier jetzt auch fast volle Punktzahl. Nur habe ich neulich einen außergewöhnlichen Besuch erleben dürfen. Bedienungen war wie immer nett, der gut gekühlte Weißburgunder kam schnell, inkl. Wasser und Eiswürfel. Dann kamen meine Käs'Spätzle. Ein Albtraum. Trocken, gut angebackene und dicke Käseschicht, unter der man fast vergeblich die zarten Spätzle mit zart geschmolzenen Bergkäse suchen musste. Oben auf der Käseschicht lag ein Berg trockener Zwiebelringe. Neben dem Spätzle-Käse Klumpen lagen noch mehr. Kurzum, ich habe es kaum angerührt und zügig die Rechnung verlangt. Man fragte mich nicht einmal, warum ich fast alles stehen ließ. Ich merkte von mir aus an, das es ausgesprochen unlecker war, das so die Käse Spätzle nicht schmecken sollten und hier nie so schlecht waren wie Heute. Die Kellnerin kassierte mich voll ab, nahm den Teller und sagte:""da haben die Kollegen wohl einen schlechten Tag, ich gebe es an die Küche weiter."" Ich muss sagen, das ich echt perplex war und sprachlos. Ich hoffe es war ein Ausrutscher, mache aber meine Käs'Spätzle doch lieber selbst.",3,21.8.2014
43,Schwarzwaldstuben,4,40,Frühstück & Brunch / Schwäbisch / Badisch / ,Mitte,2,Ralf R.,"Hier stimmt alles, das Essen ist lecker, die Speisekarte wechselt ca. vierteljährlich. Habe dort noch nie etwas gegessen, was nicht sehr lecker war. Täglich wechelnder Mittagstisch. Abends immer proppevoll, unbedingt reservieren. Die Getränke dort sind auch top, die beste Apfelschorle in der Stadt, das Bier auch vom feinsten.",5,29.9.2007
44,Schwarzwaldstuben,4,40,Frühstück & Brunch / Schwäbisch / Badisch / ,Mitte,2,Björn L.,"Ja, wenn man denn mal reinkommt ist es wirklich nett hier. Häufig jedoch ist kein Platz mehr zu bekommen, weder im gemütlich eingerichteten Kneipenraum noch auf den Tischen draussen an der Straße. Das alles spricht für eines: gute Küche (echte schwäbische Spezialitäten), gutes Bier (Rothaus) und meist nette Atmosphäre mit (meist) angenehmen Mitte-Menschen. Viele Gäste kommen aus dem umliegenden Galerien auf einen Sprung vorbei. Lohnt sich durchaus.",4,24.7.2008
45,Schwarzwaldstuben,4,40,Frühstück & Brunch / Schwäbisch / Badisch / ,Mitte,2,Cornelia Z.,"Immer mal wieder verschlägt es mich in die Schwarzwaldstuben; zum Einen, weil es hier Rothaus gibt und zum Anderen, weil ich die Einrichtung und Atmosphäre als sehr einladend und gemütlich empfinde. Das Essen kann geschmacklich nicht wirklich überzeugen (da ist man z.B. in der Feinbäckerei in Schöneberg besser aufgehoben), aber das macht die entspannte und lebendige Stimmung wieder wett. Das Publikum ist in der Regel aufgeschlossen und inspirierend (nicht nur für Exilschwaben ;-) ), genau wie die Bedienungen. Freundlich oder gar herzlich bedient zu werden, ist in Berlin wirklich nicht selbstverständlich; hier ist es das und trägt dazu bei, dass ich mich immer sehr wohl fühle. Und die S-Bahn ist auch nur ein paar Schritte weiter, da kann man auch mal ein bisschen länger bleiben, als geplant.",4,4.2.2009
46,Schwarzwaldstuben,4,40,Frühstück & Brunch / Schwäbisch / Badisch / ,Mitte,2,Flo W.,"Der Besuch war eine völlige Pleite. Eine katastrophale Erfahrung.Das Essen hat nicht geschmeckt. Und es war auch noch ölig bis zum geht nicht mehr. Wir waren zu zweit, haben beide wenig gegessen, den halben Teller stehen lassen und sind trotzdem mit schwerem Magen rausgegangen.Ich bin Baden-Württemberger. Im Schwarzwald gibt es die beste Köche Deutschlands. Dieser Laden hier in Berlin ist eine Ohrfeige für alle Schwarzwälder.",1,6.8.2009
47,Schwarzwaldstuben,4,40,Frühstück & Brunch / Schwäbisch / Badisch / ,Mitte,2,Unknown,"es war genau so, wie ich es mir vorgestellt hatte. deftig, leckeres Essen zu anständigen Preisen und nettes Ambiente. Nicht zu schick - genau richtig. es war allerdings gut besucht, d.h. man findet nicht unbedingt immer einen Platz.",4,8.10.2009
48,Schwarzwaldstuben,4,40,Frühstück & Brunch / Schwäbisch / Badisch / ,Mitte,2,Unknown,"Die Schwarzwaldstuben kann man gern mal einen Abend besuchen. Das Lokal war auch Montagabends ausgebucht (generell ja ein gutes Zeichen!) und die Geräuschkulisse recht laut (ein großer Raum mit ohnel Winkel, Abtrennungen o.ä.). Die Speisekarte lässt einem auf jeden Fall das Wasser im Mund zusammenlaufen; leider waren nicht alle Gerichte überzeugend. Der Flammkuchen war sehr lecker - unbedingt probieren. Die Pilzsuppe schmeckte nicht nach Pilzen. Einfach selbst testen. Eine Stunde Wartezeit ist jedoch definitiv zu lang, auch wenn es voll ist. Sinn eines Restaurants ist es ja, dort zeitnah satt zu werden. Ansonsten mal nett zur Abwechslung, bunte Einrichtung, Service war okay.",3,9.9.2010
49,Schwarzwaldstuben,4,40,Frühstück & Brunch / Schwäbisch / Badisch / ,Mitte,2,S S.,"Ein netter Laden, -der Berliner würde sagen: ""Da kannste nich meckern"", -was ja bereits ein Lob ist. Tatsächlich konnten die angebotenen Weine und Gerichte überzeugen. Der Laden ist jedoch meist sehr voll und gut geeignet, wenn man etwas Trubel und Internationalität (was an der Lage liegt) schätzt. Für einen ruhigen Abend würde es sicher bessere Lokale geben, -man sitzt hier aber dennoch recht gemütlich.",4,20.9.2010
50,Schwarzwaldstuben,4,40,Frühstück & Brunch / Schwäbisch / Badisch / ,Mitte,2,Unknown,"UPDATE UPDATE UPDATE!***ANFANG***LEUTE DAS SCHWARZWALD. GEHT GAR NICHT MEHR!!!ABWÄRTSSPIRALE DREHT SICH. VON ANFÄNGLICH 5 STERNEN (vor ewigen Jahren), DANN AUF 3 STERNE, DANN AUF 2 STERNE, HEUTE HABEN WIR DEN 1nen STERN ERREICHT. LEIDER IMMER SCHLECHTERES ESSEN + BEDIENUNG VON GUT AUF UNGENÜGEND + TOURI-AUFLAUF VOM FEINSTEN.*UPDATE UPDATE UPDATE!*ENDE*** Als Oft-Da-abundzu-Gast ist eine gewisse Entwicklung fest zustellen. Hauptprobleme sind aus meiner Sicht die EXTREM LANGEN WARTEZEITEN AUF DAS ESSEN. 1-1,5 Stunden erscheinen mir Standard.Und wenn es denn kommt, leider mal ZU KURZ oder ZU LANG auf der Herdplatte gelassen. Woran es im Detail liegt, keine Ahnung. Aber das sind zwei der wichtigsten Kriterien, die ein Restaurant beachten sollte. Schade. Soetwas kann man nicht schön reden. Einfach extrem unglücklich. Gemütlichkeit ist dafür weiterhin klasse.Bedienung im Prinzip auch.Musik manchmal zu depri, aber okay.Esskultur/Art des Essens sehr gut. (Nicht zu verwechseln mit der Qualität in der Zubereitung.) Gäste scheinen zum Großteil nur noch Touris zu sein  gemessen an Berlin-XXL-Karten-Falterei am Tisch oder Iphone-App-Berlin-Guide-Bildschirm-Gesten-Streichereien. Wahrscheinlich könnte man auf drei Sterne erhöhen. Aber auf Grund der Abwärtstendenz leider nur Zwei, die sich dann durch die gute Atmosphäre und dem eigentlich freundlichen Personal ergeben.",1,5.10.2011
51,Schwarzwaldstuben,4,40,Frühstück & Brunch / Schwäbisch / Badisch / ,Mitte,2,Unknown,Das Essen und der Laden machen Spass. I love Käsepätzle  Lecker,4,25.8.2013
52,Schwarzwaldstuben,4,40,Frühstück & Brunch / Schwäbisch / Badisch / ,Mitte,2,Unknown,Gutes Essen und Preis/Leistungsverhältnis. Außerdem natürlich Rothaus-Bier und schwäbisches Ambiente. Empfehlenswert.,4,21.10.2008
53,Schwarzwaldstuben,4,40,Frühstück & Brunch / Schwäbisch / Badisch / ,Mitte,2,F. K.,Hier gehe ich gerne und regelmäßig hin. Das Ambiente ist ungewöhnlich und sehr gemütlich. Die Eigentümer und Bedienungen sehr nett und herzlich und das Essen in 19 von 20 Fällen ausgezeichnet. Und die Preise passen auch. Ich vergebe sie selten aber hier ohne zögern. 5 Sterne.,5,12.7.2012
54,Schwarzwaldstuben,4,40,Frühstück & Brunch / Schwäbisch / Badisch / ,Mitte,2,Niko Z.,"Ich hatte einmalSchnitzel mit Salat. Es war echt lecker und man kann auch sagen, dasPreisleistungsverhältnis stimmt. Nette Atmosphäre,obwohl es manchmal eng werden kann.",5,23.3.2013
55,Schwarzwaldstuben,4,40,Frühstück & Brunch / Schwäbisch / Badisch / ,Mitte,2,Unknown,"Für alle spätzlesüchtigen ;-) Die Schwarzwaldstuben bietet feines wie deftiges Essen zu allen Tageszeiten. Zu empfehlen ist das ausgiebige Frühstück zum selber bauen, wo man seinen Gelüsten freien Lauf lassen kann. Mittags Punkten die Schwarzwaldstuben mit einem täglich wechselnden Mittagsangebot mit kreativer und sehr geschmackvoller Küche (i.d.R. eine Suppe, ein veg. Gericht und ein hoch qualitatives Fleischgericht) zu guten Preisen. Abends gilt die leckere badisch-regionale Karte, zu der es natürlich gutes Rothaus gib. Leider nimmt der Zigarettenqualm am Abend häufig überhand.",5,17.6.2006
56,Schwarzwaldstuben,4,40,Frühstück & Brunch / Schwäbisch / Badisch / ,Mitte,2,Unknown,"Das Gasthaus Schwarzwaldstuben finde ich absolut empfehlenswert. Wir haben dort schon zweimal gegessen und sind beide Male sehr zufrieden gewesen. Es hat uns nicht nur prima geschmeckt, sondern auch das Verhalten der Bedienung war einwandfrei. Höflich sowie freundlich. Darüber hinaus gefällt uns das Ambiente ziemlich gut. Ist echt schön gemacht.",4,9.1.2011
57,Schwarzwaldstuben,4,40,Frühstück & Brunch / Schwäbisch / Badisch / ,Mitte,2,Unknown,"Ein Stück Heimat! Als echter Schwarzwälder ist man dankbar für so ein schönes Stückchen Heimat!Leckeres Rothaus Pils vom Fass, Seiten (Wiener Würstchen) mit Kartoffelsalat, was will man mehr. Leider ist es immer sehr voll. Ein Platz an der Bar hat sich aber bis jetzt immer noch gefunden. Fazit: Sehr lebendig, nette Bedienung, unverkrampfte Atmosphäre.",3,27.1.2009
58,Schwarzwaldstuben,4,40,Frühstück & Brunch / Schwäbisch / Badisch / ,Mitte,2,Unknown,"Toller Laden, ich bin sehr gerne und oft dort, weil ich in der Nähe wohne. Das Beste ist das überaus freundliche Personal, das sich mit dem Laden richtug zu identifizieren scheint und sich mächtig ins Zeig legt ohen sich anzubiedern. Das Rothaus-Bier klar, großartig, aber natürlich Geschmackssache, und das Essen sehr bodenständig, fast immer sehr gut gekocht  ehrliche, süddeutsche Küche. Leider oft voll, aber man kann ja geniale Läden nicht für sich alleine haben :-) Das einzige, was mich etwas stört, dass relativ viele Tische reserviert werden können. Ich fände in einem Kneipenrestaurant das first-come-first-serve-Prinzip besser. So ist manchmal fast jeder zweite Tisch abends leer, weil er reserviert ist, aber die Gäste erst in einer halben Stunde oder so kommen. -Doch ansonsten: Die Stuben sind mein 2. Wohnzimmer!",4,28.3.2012
59,Schwarzwaldstuben,4,40,Frühstück & Brunch / Schwäbisch / Badisch / ,Mitte,2,Unknown,Fantastisch gute Küche und gemütliche Atmo.,4,10.12.2010
60,Schwarzwaldstuben,4,40,Frühstück & Brunch / Schwäbisch / Badisch / ,Mitte,2,Unknown,"Folgendes Szenario, wir zu Dritt, Ehepaar aus Mexiko zu Besuch und ich als ""Reiseführer"". Die Bestellung, Ich: ""Die beiden Herren hätten gerne zwei Flammkuchen und zwei Bier, die Dame nimmt einen Wein und ein Glass Leitungswasser bitte"" Bedienung: ""Leitungswasser gibts nur zum Essen"" ""Dass heisst, die Dame bekommt kein Leitungswasser?"" ""Richtig, sie hat nur einen Wein bestellt, daher darf ich ihr leider kein Leitungswasser bringen. So ist das leider."" ""Wie, so ist das? Sie könnten mir doch ein Leitungswasser geben, ich hab ja nur einen Flammkuchen und ein Bier bestellt, dann darf ich also ja noch ein Glass Leistungswasser bekommen."" ""Ja, Ihnen kann ich eines bringen."" Wie kann ein Lokal so rückständig, geizig und augenscheinlich auch nicht besonders serviceorientiert sein um jemandem ein Glass Leitungswasser zu verwehren? //////////// They wouldnt give me free tab water with my drink, only with food. I think that is a very bad service and very cheap. I am talking about tab water with an ordered drink here, wtf !",1,16.1.2011
61,Schwarzwaldstuben,4,40,Frühstück & Brunch / Schwäbisch / Badisch / ,Mitte,2,Unknown,"Eines meiner Stammlokale  guter und freundlicher Service auch unter Stress, sie helfen auch gerne einen Tisch zu finden, wenn man solange an der Bar warten muss. Leider ist der Laden mittlerweile in anscheinend jedem Reiseführer zu finden, und mindestens die Hälfte aller Tische ist reserviert. Das Essen ist OK, aber nicht überragend  Schnitzel mit Sosse kommt zB mit einer Fertigsosse, obwohl in der Küche schon noch selbst gekocht wird. Die Maultaschen hingegen sind für Berliner Verhältnisse sehr OK, und das Bier (zB Augustiner vom Fass, Rothaus, Unertl aus der Flasche) auf jeden Fall empfehlenswert.",4,17.1.2012
62,Schwarzwaldstuben,4,40,Frühstück & Brunch / Schwäbisch / Badisch / ,Mitte,2,Unknown,"AllgemeinDie Schwarzwaldstuben in Berlin sind so wie der Schwarzwald selbst: unprätentiös und voller versteckter Genüsse! In der Tucholskystrasse in einem Eckhaus gelegen empfängt den Besucher ein Ambiente, das an eine Studentenkneipe erinnert. Und dem entspricht auch ein guter Teil des Publikums - auf sehr angenehme Art. Einrichtung und Besucher sind leger, eine lange Bar, eine Handvoll Tische innen und  einige kleine Außentische, das war's. Die Speisekarte lässt aber schon erahnen, dass der Abend toll wird: was die schwäbische und badische Küche zu bieten haben, steht auf dem Programm - von Maultaschen und flammkuchen bis Schäufele und Spätzle mit linsen und Saitenwürstle. Dazu - natürlich - Tannenzäpfle oder Weine (nicht nur aber auch aus BaWü). Eine Insel guter bodenständiger Küche mitten in Berlin - und das ganze mit einer unglaublich freundlichen, spritzig netten und aufmerksamen Bedienung (auch hier möchte ich sagen: und das mitten in Berlin!). Jederzeit wieder!BedienungAufmerksam, unkompliziert, sehr freundlich, mit Charme und Witz, schnell ohne Hektik zu verbreiten... und ein Lachen das man einfach mögen muss. Wenn es 6 Punkte für die Bedienung gäbe - sie hätte sie verdient!Das Essen1 x Vorspeisenteller, 1 x Flammkuchen Käse & Schinken, 2 x geschmelzte Maultaschen und einige Tannenzäpfle, Kirschwasser, Himbeergeist & Williams...Der Flammkuchen genau so wie er sein soll, dünner Boden, knusprig gebacken, einfach perfekt!Die Maultaschen können mit den Großmüttern aus Kernschwaben mithalten; perfekt!Das AmbienteUnpätentiös - Tische ohne Tischdecken, nicht eingedeckt; wie geschrieben eher im Ambiente einer Studentenkneipe (im besten Sinne). Die Wanddeko vielleicht einen Hauch überladen...SauberkeitAlles gut, keine Beanstandungen.",5,15.11.2014
63,Schwarzwaldstuben,4,40,Frühstück & Brunch / Schwäbisch / Badisch / ,Mitte,2,Hendrik T.,"Einige Berliner wollen die Schwaben am liebsten aus der Stadt schmeißen, da sind die ganz froh einen Rückzugsposten in der Stadt zu haben. Ich war nicht oft im Schwarzwald, öfter aber in den Stuben, wie die Kneipe leibevoll genannt wird. Eine Freundin feierte Ihren Abschied aus Berlin und spielte mir Ihrem Streichquartett auf der kleinen Bühne. Sie ist aus der Nähe von Stuttgart und fühlte sich hier in den Stuben, aber vor allem in Berlin zuhause. Das schwäbische Hausbier Tannenzäpfle von Rothaus gab es vor ein paar Jahren nur hier und so einen leckeren Flammkuchen findet man auch nur selten woanders. Das essen ist wie erwartet ziemlich deftig, aber sehr frisch und lecker. Nicht ganz billig, aber das liegt wahrscheinlich am bekannten Nord-Südgefälle. Wer also die Vorurteilen gegenüber zugezogenen Schwaben abbauen will, der stattet den Schwarzwaldstuben einen Besuch ab und ich verspreche er wird von der Gastfreundlichkeit begeistert sein.",3,16.5.2010
64,Schwarzwaldstuben,4,40,Frühstück & Brunch / Schwäbisch / Badisch / ,Mitte,2,Katharina B.,"In Berlin findet ja jeder, den die Sehnsucht packt, ein Stück Heimat. Der Bonner oder Kölner erholt sich von Großstadtstress und Berliner Schnauze in der Ständigen Vertretung und der Schwabe halt hier. Ich bin ja nun weder noch und brauch auch von Besagten keine Erholung, hatte aber einen Hardcore-Schwaben in meiner Mannschaft. Den Schriftzug noch nichtmal ganz gelesen Schwarzwa, schwupps, war er weg und war das Zäpfle schon bestellt und wir anderen dann notgedrungen halt hinterher. Ist ja ein echt witziger Laden:) Das Thema Schwarzwald zieht sich durch Einrichtung, Deko, Speise- und Getränkekarte, ohne dabei in den Kitsch abzudriften. Leider ist man nicht konsequent und es gibt z.B. auch belgisches Bier. Hä?? 's Zäpfle is scho recht! Bei unserem frühmorgendlichen Besuch (bis gegen 2 Uhr) war die Bedienung trotz vollem Laden auf Zack. Und sehr liebenswürdig. Wenns wirklich ausschliesslich namenskonforme Getränke gäbe, würde ich fünf Sterne verteilen.",4,5.5.2012
65,Schwarzwaldstuben,4,40,Frühstück & Brunch / Schwäbisch / Badisch / ,Mitte,2,Lamrock T.,"Netter Laden mit schöner Bierauswahl, nur das Essen enttäuscht. Ich hatte das Schäufele mit Kartoffelsalat. Für zwölf Euro erwarte ich einen selbstgemachten Kartoffelsalat und kein Fertigprodukt, das nach Convenience-Kartoffeln schmeckt.",3,1.3.2013
66,Schwarzwaldstuben,4,40,Frühstück & Brunch / Schwäbisch / Badisch / ,Mitte,2,Unknown,"Hülle ist nicht gleich Fülle. Die Schwarzwaldstuben kommen äusserlich etwas alternativ daher, das Essen und der Service jedoch ist extraklasse und fair berechnet. Die Speisekarte ist eine gute Alternative zum prägenden Asiatismus in Mitte. Selbst der Beilagensalat ist lecker.",5,27.7.2013
67,Schwarzwaldstuben,4,40,Frühstück & Brunch / Schwäbisch / Badisch / ,Mitte,2,Unknown,"Also erst mal zur Klarstellung: der Laden ist badisch nicht schwäbisch. Zum Essen gibts Ethno-Food: Schäufele (badisch), Spätzle (schwäbisch), Flammkuchen (elsässisch). Was wir probiert haben war sehr lecker. Der Schwarzwaldfaktor ist hoch und wunderbar kitschig. Der Schwarzwaldmädelfaktor dagegen gering: die Servicekraft berlinerte und trug keinen Bollenhut. Das Beste zum Schluss: es gibt Tannenzäpfle. Kurz: eine wirkliche Empfehlung nicht nur für unsere armen Brüder und Schwestern aus dem anderen Teil von Baden-Württemberg, die im Berliner Exil leben.",4,29.12.2008
68,Schwarzwaldstuben,4,40,Frühstück & Brunch / Schwäbisch / Badisch / ,Mitte,2,Unknown,"Nur einmal dort (leider), aber ich fand es wirklich lecker und der Ambiente war perfekt!",5,3.6.2013
69,Schwarzwaldstuben,4,40,Frühstück & Brunch / Schwäbisch / Badisch / ,Mitte,2,Werner E.,"leckere und deftige Küche, südwestdeutsch, die Atmosphäre ist ziemlich locker, allerdings ist es, wenn es voll ist, ziemlich laut.",4,7.2.2013
70,Schwarzwaldstuben,4,40,Frühstück & Brunch / Schwäbisch / Badisch / ,Mitte,2,Unknown,"Igitt! Tourinepp Schnitzel und Bier schmecken ganz gut, der Rest.",2,18.4.2013
71,Schwarzwaldstuben,4,40,Frühstück & Brunch / Schwäbisch / Badisch / ,Mitte,2,Unknown,schnitzel wie zuhause. original spezi und das erste rothaus des abends. mindestens zweimal im monat.,5,5.2.2008
72,Schwarzwaldstuben,4,40,Frühstück & Brunch / Schwäbisch / Badisch / ,Mitte,2,Unknown,Immer wieder neue und super leckere Spezialitäten dazu ein entspanntes gemischtes Publikum und fertig ist das Lieblingsrestaurant. In den Schwarzwaldstuben ist man zu jeder Tageszeit gut aufgehoben und wird mit leckerem frisch gekochten Essen versorgt. Einfach perfekt!,5,27.7.2008
73,Schwarzwaldstuben,4,40,Frühstück & Brunch / Schwäbisch / Badisch / ,Mitte,2,Unknown,"Sehr nettes Ambiente, aber die Käsespätzle hätten besser sein können!",3,2.10.2008
74,Schwarzwaldstuben,4,40,Frühstück & Brunch / Schwäbisch / Badisch / ,Mitte,2,Unknown,"Junges Restaurant, mit schwäbischen oder elsässischen Speisen! In der Berliner Mitte gelegen, von schon restaurierten Altbauten umgeben, läd es zum verweilen ein! Abends sollte man Plätze reservieren, da man sich sonst die Beine in den Bauch steht, aber zum Feierabend ergattert man immer einen Platz! Zu empfehlenFlammkuchen mit Äpfeln, Speck und Zwiebelnsehr sehr lecker.",4,16.2.2009
75,Schwarzwaldstuben,4,40,Frühstück & Brunch / Schwäbisch / Badisch / ,Mitte,2,Janne J.,"Eigentlich müsste man den Laden mal abgrundtief bemeckern, damit es nicht noch schwieriger wird, einen Platz zu ergattern. Wer einen hat, gibt ihn so schnell nicht mehr her. Aber es gibt nix zu meckern, es sei denn eine Seminargruppe aus dem Ländle hat sich mittags breit gemacht und man wartet e w i g auf sein Essen. Die gut motivierte Bedienung macht es wett. Das Futter allemal.",4,18.3.2009
76,Schwarzwaldstuben,4,40,Frühstück & Brunch / Schwäbisch / Badisch / ,Mitte,2,Unknown,"Augustiner on tap, excellent Badische food, and good service. I like the Schaufele. Much recommended!",5,1.7.2010
77,Schwarzwaldstuben,4,40,Frühstück & Brunch / Schwäbisch / Badisch / ,Mitte,2,Unknown,"Leider gab es nichts mehr zu essen, als wir um elf Uhr abends das Lokal betraten. Ich wär gespannt gewesen, ob der etwas bemühte Schwarzwaldlook eine feste Verankerung in einer guten lokalen Küche hat oder nur aufgesetzt ist. Und es ist natürlich ein bisschen schade, hier eine Bewertung auszusprechen, wenn man die Küche gar nicht kennt. Aber wenn die Schwarzwaldstuben auch noch als Bar fungieren, darf man auch ohne Essen über die Restqualitäten schreiben.Und blieb also nichts anderes übrig, als  selten genug  das Rothaus mal vom Fass zu trinken und nicht nur in der Tannenzäpfle-Flasche. Doof genug, dass wir sowohl zum Bestellen wie zum Bezahlen an die Bar mussten. Kann man eigentlich erwarten, dass mal jemand vorbeikommt und einen bedient. Und sonst? Weiß nicht recht. Wie gesagt, finde ich die Kuckucksuhren und anderen Nippes etwas sehr albern. Wer's mag, ist hier bestimmt gut aufgehoben. Nur nicht zuviel vom Service erwarten, zum Beispiel Service.",2,31.10.2011
78,Schwarzwaldstuben,4,40,Frühstück & Brunch / Schwäbisch / Badisch / ,Mitte,2,Unknown,"Der Laden ist empfehlenswert wie eh und je. Sicherlich besuchen nicht nur Berliner diese Lokalität, an der Qualität des Essens, gerade der Tagesgerichte, und der Freundlichkeit des Personals hat dies jedoch nichts geändert. Abends reservieren!",4,21.9.2009
79,Schwarzwaldstuben,4,40,Frühstück & Brunch / Schwäbisch / Badisch / ,Mitte,2,Unknown,"Deutsche Küche, abends meist voll und laut. Man kann immer mal wieder hingehen. Das Essen ist deftig und lecker. Gourmet-Küche muss man aber nicht erwarten. Die Preise wie in Mitte halt gehoben.",3,28.6.2010
80,Schwarzwaldstuben,4,40,Frühstück & Brunch / Schwäbisch / Badisch / ,Mitte,2,Unknown,"Super Mittagstisch, Preis- Leistungsverhältnis ist in Ordnung. Abends bin ich seltener dort, meistens ist es mir zu voll.",4,28.5.2011
81,Schwarzwaldstuben,4,40,Frühstück & Brunch / Schwäbisch / Badisch / ,Mitte,2,Unknown,super küche + preis-leistungsverhältnis! abends leider immer etwas voll! trotzdem immer einen besuch wert.,3,1.2.2013
82,Schwarzwaldstuben,4,40,Frühstück & Brunch / Schwäbisch / Badisch / ,Mitte,2,Unknown,"Der Schwarzwald ist im Kommen. Auch an einem gewöhnlichen Wochentag ist es ratsam, einen Tisch zu reservieren, wenn man nicht auf der charmant geführten Warteliste wiederfinden will. Am Tisch direkt an der Tür zieht es übrigens kräftig und beim Flammkuchen mit Blauschimmel und Walnüssen ist auf die Existenz letzterer zu achten. Darüber hinaus ein angenehm entspannter Ort für lange Gespräche und viel Wein oder Bier oder",4,16.2.2007
83,Schwarzwaldstuben,4,40,Frühstück & Brunch / Schwäbisch / Badisch / ,Mitte,2,Unknown,"Die Atmosphäre in den Schwarzwaldstuben ist schön gemütlich. Das Essen war lecker (besonders die Bratkartoffeln waren gelungen), das Bier sowieso. Vier Sterne nur weil ich vom badischen Schäufele ein wenig enttäuscht war, das kann mit dem fränkischen Verwandten leider nicht mithalten.",4,13.1.2009
84,Schwarzwaldstuben,4,40,Frühstück & Brunch / Schwäbisch / Badisch / ,Mitte,2,Unknown,"Ich habe keine Ahnung von Schwaben und deren Lokalpatriotismus, aber hier gehe ich gerne öfters mittags hin, gute Tagesgerichte, nette Bedienung. Abends gibt es sicher interessantere Locations, insgesamt aber empfehlenswert.",4,21.6.2009
85,Schwarzwaldstuben,4,40,Frühstück & Brunch / Schwäbisch / Badisch / ,Mitte,2,Unknown,"Sehr gemütlich, sogar für österreichische Ansprüche.",4,21.9.2011
86,Schwarzwaldstuben,4,40,Frühstück & Brunch / Schwäbisch / Badisch / ,Mitte,2,Unknown,"Ich war einmal mit meinem Freund da und er  als Fleischliebhaber und jemand der gerne viel ist- ist voll auf seine Kosten gekommen! Er hatte das Wiener Schnitzel und war sehr zufrieden, auch meine Maultaschen waren sehr gut. Dazu genossen wir ein paar Bier. Alles in allem hats Spass gemacht, weil die Atmosphäre so traditionell schwäbisch und bodenständig war, genau wie das Essen,war alles stimmig.",5,26.1.2012
